[
  {
    "nombre": "Poked - Quilpué.",
    "descripcion": "",
    "delivery": true,
    "ciudad": "quilpue",
    "fuente": "pedidosya",
    "tipoDetectado": "otro",
    "lat": -33.047592220955224,
    "lng": -71.44050059698635,
    "precioPromedio": 11380,
    "mapsUrl": "https://www.google.com/maps/search/?q=Poked+-+Quilpué.+quilpue"
  },
  {
    "nombre": "La Turrunta",
    "descripcion": "",
    "delivery": true,
    "ciudad": "quilpue",
    "fuente": "pedidosya",
    "tipoDetectado": "otro",
    "lat": -33.05437123784048,
    "lng": -71.43585268563915,
    "precioPromedio": 7721,
    "mapsUrl": "https://www.google.com/maps/search/?q=La+Turrunta+quilpue"
  },
  {
    "nombre": "Good Luck",
    "descripcion": "",
    "delivery": true,
    "ciudad": "quilpue",
    "fuente": "pedidosya",
    "tipoDetectado": "otro",
    "lat": -33.04648627060845,
    "lng": -71.44346688729965,
    "precioPromedio": 8065,
    "mapsUrl": "https://www.google.com/maps/search/?q=Good+Luck+quilpue"
  },
  {
    "nombre": "Panipollo",
    "descripcion": "",
    "delivery": true,
    "ciudad": "quilpue",
    "fuente": "pedidosya",
    "tipoDetectado": "panadería",
    "lat": -33.05380858821744,
    "lng": -71.45244335470437,
    "precioPromedio": 10464,
    "mapsUrl": "https://www.google.com/maps/search/?q=Panipollo+quilpue"
  },
  {
    "nombre": "Club Del Poke - Quilpué",
    "descripcion": "",
    "delivery": true,
    "ciudad": "quilpue",
    "fuente": "pedidosya",
    "tipoDetectado": "otro",
    "lat": -33.0520475537206,
    "lng": -71.451193606472,
    "precioPromedio": 3971,
    "mapsUrl": "https://www.google.com/maps/search/?q=Club+Del+Poke+-+Quilpué+quilpue"
  },
  {
    "nombre": "Wakame Sushi - Quilpué",
    "descripcion": "",
    "delivery": true,
    "ciudad": "quilpue",
    "fuente": "pedidosya",
    "tipoDetectado": "sushi",
    "lat": -33.0397096034479,
    "lng": -71.4358683696532,
    "precioPromedio": 5561,
    "mapsUrl": "https://www.google.com/maps/search/?q=Wakame+Sushi+-+Quilpué+quilpue"
  },
  {
    "nombre": "El Clandestino - Gastronomía Peruana",
    "descripcion": "",
    "delivery": true,
    "ciudad": "quilpue",
    "fuente": "pedidosya",
    "tipoDetectado": "latina",
    "lat": -33.03721548219862,
    "lng": -71.43586334163386,
    "precioPromedio": 2599,
    "mapsUrl": "https://www.google.com/maps/search/?q=El+Clandestino+-+Gastronomía+Peruana+quilpue"
  },
  {
    "nombre": "Tarragona Mall Paseo Quilpué",
    "descripcion": "",
    "delivery": true,
    "ciudad": "quilpue",
    "fuente": "pedidosya",
    "tipoDetectado": "otro",
    "lat": -33.05498605156539,
    "lng": -71.43830716213009,
    "precioPromedio": 6183,
    "mapsUrl": "https://www.google.com/maps/search/?q=Tarragona+Mall+Paseo+Quilpué+quilpue"
  },
  {
    "nombre": "Melt Pizzas - Quilpue",
    "descripcion": "",
    "delivery": true,
    "ciudad": "quilpue",
    "fuente": "pedidosya",
    "tipoDetectado": "pizza",
    "lat": -33.03983647001555,
    "lng": -71.45400827870645,
    "precioPromedio": 2928,
    "mapsUrl": "https://www.google.com/maps/search/?q=Melt+Pizzas+-+Quilpue+quilpue"
  },
  {
    "nombre": "Clandestino Mall De Quilpue",
    "descripcion": "",
    "delivery": true,
    "ciudad": "quilpue",
    "fuente": "pedidosya",
    "tipoDetectado": "otro",
    "lat": -33.04523020290625,
    "lng": -71.45345018336056,
    "precioPromedio": 5270,
    "mapsUrl": "https://www.google.com/maps/search/?q=Clandestino+Mall+De+Quilpue+quilpue"
  },
  {
    "nombre": "Donde La Veci",
    "descripcion": "",
    "delivery": true,
    "ciudad": "quilpue",
    "fuente": "pedidosya",
    "tipoDetectado": "otro",
    "lat": -33.04010618357179,
    "lng": -71.44652162254822,
    "precioPromedio": 4705,
    "mapsUrl": "https://www.google.com/maps/search/?q=Donde+La+Veci+quilpue"
  },
  {
    "nombre": "Seiko Sushi - Quilpué",
    "descripcion": "",
    "delivery": true,
    "ciudad": "quilpue",
    "fuente": "pedidosya",
    "tipoDetectado": "sushi",
    "lat": -33.03955788462188,
    "lng": -71.4531757205612,
    "precioPromedio": 10301,
    "mapsUrl": "https://www.google.com/maps/search/?q=Seiko+Sushi+-+Quilpué+quilpue"
  },
  {
    "nombre": "Pedro, Juan Y Diego El Belloto",
    "descripcion": "",
    "delivery": true,
    "ciudad": "quilpue",
    "fuente": "pedidosya",
    "tipoDetectado": "franquicia",
    "lat": -33.048942056185126,
    "lng": -71.44083296232846,
    "precioPromedio": 10450,
    "mapsUrl": "https://www.google.com/maps/search/?q=Pedro+Juan+Y+Diego+El+Belloto+quilpue"
  },
  {
    "nombre": "Gorilas Quilpue",
    "descripcion": "",
    "delivery": true,
    "ciudad": "quilpue",
    "fuente": "pedidosya",
    "tipoDetectado": "otro",
    "lat": -33.04424242256926,
    "lng": -71.43989605597893,
    "precioPromedio": 11665,
    "mapsUrl": "https://www.google.com/maps/search/?q=Gorilas+Quilpue+quilpue"
  },
  {
    "nombre": "Tribeca - Quilpué",
    "descripcion": "",
    "delivery": true,
    "ciudad": "quilpue",
    "fuente": "pedidosya",
    "tipoDetectado": "otro",
    "lat": -33.04096544394469,
    "lng": -71.45471537724045,
    "precioPromedio": 8183,
    "mapsUrl": "https://www.google.com/maps/search/?q=Tribeca+-+Quilpué+quilpue"
  },
  {
    "nombre": "Sazón Veintiuno De Mayo",
    "descripcion": "",
    "delivery": true,
    "ciudad": "quilpue",
    "fuente": "pedidosya",
    "tipoDetectado": "otro",
    "lat": -33.051634468480756,
    "lng": -71.44428055010833,
    "precioPromedio": 4980,
    "mapsUrl": "https://www.google.com/maps/search/?q=Sazón+Veintiuno+De+Mayo+quilpue"
  },
  {
    "nombre": "Toros Food",
    "descripcion": "",
    "delivery": true,
    "ciudad": "quilpue",
    "fuente": "pedidosya",
    "tipoDetectado": "otro",
    "lat": -33.045857805826465,
    "lng": -71.45356586204662,
    "precioPromedio": 3789,
    "mapsUrl": "https://www.google.com/maps/search/?q=Toros+Food+quilpue"
  },
  {
    "nombre": "Roof Burger - Quilpue",
    "descripcion": "",
    "delivery": true,
    "ciudad": "quilpue",
    "fuente": "pedidosya",
    "tipoDetectado": "sanguchería",
    "lat": -33.03888341512045,
    "lng": -71.44140365505507,
    "precioPromedio": 9505,
    "mapsUrl": "https://www.google.com/maps/search/?q=Roof+Burger+-+Quilpue+quilpue"
  },
  {
    "nombre": "El Guatón - Quilpué",
    "descripcion": "",
    "delivery": true,
    "ciudad": "quilpue",
    "fuente": "pedidosya",
    "tipoDetectado": "otro",
    "lat": -33.03844092385203,
    "lng": -71.44931041661296,
    "precioPromedio": 11525,
    "mapsUrl": "https://www.google.com/maps/search/?q=El+Guatón+-+Quilpué+quilpue"
  },
  {
    "nombre": "Sazón 1",
    "descripcion": "",
    "delivery": true,
    "ciudad": "quilpue",
    "fuente": "pedidosya",
    "tipoDetectado": "otro",
    "lat": -33.051694688533765,
    "lng": -71.45346938646985,
    "precioPromedio": 9717,
    "mapsUrl": "https://www.google.com/maps/search/?q=Sazón+1+quilpue"
  },
  {
    "nombre": "Jirén Sushi Quilpué",
    "descripcion": "",
    "delivery": true,
    "ciudad": "quilpue",
    "fuente": "pedidosya",
    "tipoDetectado": "sushi",
    "lat": -33.040060524893136,
    "lng": -71.43815007072462,
    "precioPromedio": 7359,
    "mapsUrl": "https://www.google.com/maps/search/?q=Jirén+Sushi+Quilpué+quilpue"
  },
  {
    "nombre": "Gostoso Sushi",
    "descripcion": "",
    "delivery": true,
    "ciudad": "quilpue",
    "fuente": "pedidosya",
    "tipoDetectado": "sushi",
    "lat": -33.04431765632931,
    "lng": -71.43688130012802,
    "precioPromedio": 7534,
    "mapsUrl": "https://www.google.com/maps/search/?q=Gostoso+Sushi+quilpue"
  },
  {
    "nombre": "Just Burger - Villa Alemana",
    "descripcion": "",
    "delivery": true,
    "ciudad": "quilpue",
    "fuente": "pedidosya",
    "tipoDetectado": "sanguchería",
    "lat": -33.049076076289,
    "lng": -71.4366123030389,
    "precioPromedio": 7265,
    "mapsUrl": "https://www.google.com/maps/search/?q=Just+Burger+-+Villa+Alemana+quilpue"
  },
  {
    "nombre": "Gordos - Quilpue",
    "descripcion": "",
    "delivery": true,
    "ciudad": "quilpue",
    "fuente": "pedidosya",
    "tipoDetectado": "otro",
    "lat": -33.037289692105745,
    "lng": -71.44378318384017,
    "precioPromedio": 8050,
    "mapsUrl": "https://www.google.com/maps/search/?q=Gordos+-+Quilpue+quilpue"
  },
  {
    "nombre": "Sandwichería Manavai",
    "descripcion": "",
    "delivery": true,
    "ciudad": "quilpue",
    "fuente": "pedidosya",
    "tipoDetectado": "sanguchería",
    "lat": -33.04830680641653,
    "lng": -71.4436988530176,
    "precioPromedio": 4927,
    "mapsUrl": "https://www.google.com/maps/search/?q=Sandwichería+Manavai+quilpue"
  },
  {
    "nombre": "Panadería Brasil",
    "descripcion": "",
    "delivery": true,
    "ciudad": "quilpue",
    "fuente": "pedidosya",
    "tipoDetectado": "panadería",
    "lat": -33.04031334475091,
    "lng": -71.44086636661679,
    "precioPromedio": 11022,
    "mapsUrl": "https://www.google.com/maps/search/?q=Panadería+Brasil+quilpue"
  },
  {
    "nombre": "Sandwicheria Churraskon",
    "descripcion": "",
    "delivery": true,
    "ciudad": "quilpue",
    "fuente": "pedidosya",
    "tipoDetectado": "otro",
    "lat": -33.03658351391226,
    "lng": -71.44091775189831,
    "precioPromedio": 5424,
    "mapsUrl": "https://www.google.com/maps/search/?q=Sandwicheria+Churraskon+quilpue"
  },
  {
    "nombre": "Coccolino Pastelería Quilpué",
    "descripcion": "",
    "delivery": true,
    "ciudad": "quilpue",
    "fuente": "pedidosya",
    "tipoDetectado": "otro",
    "lat": -33.043357000938244,
    "lng": -71.44934665353139,
    "precioPromedio": 5003,
    "mapsUrl": "https://www.google.com/maps/search/?q=Coccolino+Pastelería+Quilpué+quilpue"
  },
  {
    "nombre": "Fu An - Quilpué",
    "descripcion": "",
    "delivery": true,
    "ciudad": "quilpue",
    "fuente": "pedidosya",
    "tipoDetectado": "otro",
    "lat": -33.05305512944174,
    "lng": -71.43901805733002,
    "precioPromedio": 7411,
    "mapsUrl": "https://www.google.com/maps/search/?q=Fu+An+-+Quilpué+quilpue"
  },
  {
    "nombre": "Sushi Point - Villa Alemana",
    "descripcion": "",
    "delivery": true,
    "ciudad": "quilpue",
    "fuente": "pedidosya",
    "tipoDetectado": "sushi",
    "lat": -33.044459938154624,
    "lng": -71.45034177760799,
    "precioPromedio": 9110,
    "mapsUrl": "https://www.google.com/maps/search/?q=Sushi+Point+-+Villa+Alemana+quilpue"
  },
  {
    "nombre": "Miti-mota",
    "descripcion": "",
    "delivery": true,
    "ciudad": "quilpue",
    "fuente": "pedidosya",
    "tipoDetectado": "otro",
    "lat": -33.05079648113612,
    "lng": -71.45206291056854,
    "precioPromedio": 8541,
    "mapsUrl": "https://www.google.com/maps/search/?q=Miti-mota+quilpue"
  },
  {
    "nombre": "Vika Pokewraps",
    "descripcion": "",
    "delivery": true,
    "ciudad": "quilpue",
    "fuente": "pedidosya",
    "tipoDetectado": "otro",
    "lat": -33.035550153969744,
    "lng": -71.44819575708266,
    "precioPromedio": 10548,
    "mapsUrl": "https://www.google.com/maps/search/?q=Vika+Pokewraps+quilpue"
  },
  {
    "nombre": "Burgery - Quilpue",
    "descripcion": "",
    "delivery": true,
    "ciudad": "quilpue",
    "fuente": "pedidosya",
    "tipoDetectado": "otro",
    "lat": -33.03858626311039,
    "lng": -71.44302053096288,
    "precioPromedio": 11766,
    "mapsUrl": "https://www.google.com/maps/search/?q=Burgery+-+Quilpue+quilpue"
  },
  {
    "nombre": "Karachi Spice",
    "descripcion": "",
    "delivery": true,
    "ciudad": "quilpue",
    "fuente": "pedidosya",
    "tipoDetectado": "otro",
    "lat": -33.04669827759321,
    "lng": -71.45435295257936,
    "precioPromedio": 4240,
    "mapsUrl": "https://www.google.com/maps/search/?q=Karachi+Spice+quilpue"
  },
  {
    "nombre": "Pan Ceres",
    "descripcion": "",
    "delivery": true,
    "ciudad": "quilpue",
    "fuente": "pedidosya",
    "tipoDetectado": "panadería",
    "lat": -33.051712573060726,
    "lng": -71.43609464557072,
    "precioPromedio": 8720,
    "mapsUrl": "https://www.google.com/maps/search/?q=Pan+Ceres+quilpue"
  },
  {
    "nombre": "Café Miranda Quilpué",
    "descripcion": "",
    "delivery": true,
    "ciudad": "quilpue",
    "fuente": "pedidosya",
    "tipoDetectado": "cafe",
    "lat": -33.047621209206206,
    "lng": -71.43672312308097,
    "precioPromedio": 3885,
    "mapsUrl": "https://www.google.com/maps/search/?q=Café+Miranda+Quilpué+quilpue"
  },
  {
    "nombre": "Crust Burger",
    "descripcion": "",
    "delivery": true,
    "ciudad": "quilpue",
    "fuente": "pedidosya",
    "tipoDetectado": "sanguchería",
    "lat": -33.05032802070121,
    "lng": -71.45206014250178,
    "precioPromedio": 3521,
    "mapsUrl": "https://www.google.com/maps/search/?q=Crust+Burger+quilpue"
  },
  {
    "nombre": "Roasty",
    "descripcion": "",
    "delivery": true,
    "ciudad": "quilpue",
    "fuente": "pedidosya",
    "tipoDetectado": "otro",
    "lat": -33.0449386510263,
    "lng": -71.44974350275592,
    "precioPromedio": 4849,
    "mapsUrl": "https://www.google.com/maps/search/?q=Roasty+quilpue"
  },
  {
    "nombre": "Ali Kebab Quilpué",
    "descripcion": "",
    "delivery": true,
    "ciudad": "quilpue",
    "fuente": "pedidosya",
    "tipoDetectado": "otro",
    "lat": -33.047490689870415,
    "lng": -71.44931485401918,
    "precioPromedio": 10196,
    "mapsUrl": "https://www.google.com/maps/search/?q=Ali+Kebab+Quilpué+quilpue"
  },
  {
    "nombre": "Puerkos Sushi",
    "descripcion": "",
    "delivery": true,
    "ciudad": "quilpue",
    "fuente": "pedidosya",
    "tipoDetectado": "sushi",
    "lat": -33.05137506606845,
    "lng": -71.4481675895742,
    "precioPromedio": 8448,
    "mapsUrl": "https://www.google.com/maps/search/?q=Puerkos+Sushi+quilpue"
  },
  {
    "nombre": "La Estación Limeña",
    "descripcion": "",
    "delivery": true,
    "ciudad": "quilpue",
    "fuente": "pedidosya",
    "tipoDetectado": "latina",
    "lat": -33.0460051940891,
    "lng": -71.4503687830398,
    "precioPromedio": 5773,
    "mapsUrl": "https://www.google.com/maps/search/?q=La+Estación+Limeña+quilpue"
  },
  {
    "nombre": "Enchurrado - Churrería Artesanal",
    "descripcion": "",
    "delivery": true,
    "ciudad": "quilpue",
    "fuente": "pedidosya",
    "tipoDetectado": "otro",
    "lat": -33.039970935773404,
    "lng": -71.44921254063433,
    "precioPromedio": 10463,
    "mapsUrl": "https://www.google.com/maps/search/?q=Enchurrado+-+Churrería+Artesanal+quilpue"
  },
  {
    "nombre": "Lo Nuestro Restaurant Peruano",
    "descripcion": "",
    "delivery": true,
    "ciudad": "quilpue",
    "fuente": "pedidosya",
    "tipoDetectado": "otro",
    "lat": -33.05414873900861,
    "lng": -71.45226855487265,
    "precioPromedio": 5954,
    "mapsUrl": "https://www.google.com/maps/search/?q=Lo+Nuestro+Restaurant+Peruano+quilpue"
  },
  {
    "nombre": "Locos X Food",
    "descripcion": "",
    "delivery": true,
    "ciudad": "quilpue",
    "fuente": "pedidosya",
    "tipoDetectado": "otro",
    "lat": -33.036118423830175,
    "lng": -71.43803029462698,
    "precioPromedio": 2572,
    "mapsUrl": "https://www.google.com/maps/search/?q=Locos+X+Food+quilpue"
  },
  {
    "nombre": "Valfun Sushi Quilpué",
    "descripcion": "",
    "delivery": true,
    "ciudad": "quilpue",
    "fuente": "pedidosya",
    "tipoDetectado": "sushi",
    "lat": -33.053512700430524,
    "lng": -71.44626219066303,
    "precioPromedio": 5158,
    "mapsUrl": "https://www.google.com/maps/search/?q=Valfun+Sushi+Quilpué+quilpue"
  },
  {
    "nombre": "Emir Kebab, Shawarma",
    "descripcion": "",
    "delivery": true,
    "ciudad": "quilpue",
    "fuente": "pedidosya",
    "tipoDetectado": "otro",
    "lat": -33.05486844286619,
    "lng": -71.44171415591964,
    "precioPromedio": 4176,
    "mapsUrl": "https://www.google.com/maps/search/?q=Emir+Kebab+Shawarma+quilpue"
  },
  {
    "nombre": "Sushiwarma Quilpue",
    "descripcion": "",
    "delivery": true,
    "ciudad": "quilpue",
    "fuente": "pedidosya",
    "tipoDetectado": "otro",
    "lat": -33.03741199444258,
    "lng": -71.44418496778852,
    "precioPromedio": 5856,
    "mapsUrl": "https://www.google.com/maps/search/?q=Sushiwarma+Quilpue+quilpue"
  },
  {
    "nombre": "Sikdorak - Comida Coreana",
    "descripcion": "",
    "delivery": true,
    "ciudad": "quilpue",
    "fuente": "pedidosya",
    "tipoDetectado": "otro",
    "lat": -33.04379089991886,
    "lng": -71.44938282695355,
    "precioPromedio": 2819,
    "mapsUrl": "https://www.google.com/maps/search/?q=Sikdorak+-+Comida+Coreana+quilpue"
  },
  {
    "nombre": "Sushitsu Delivery P32",
    "descripcion": "",
    "delivery": true,
    "ciudad": "quilpue",
    "fuente": "pedidosya",
    "tipoDetectado": "otro",
    "lat": -33.04254117972264,
    "lng": -71.44268887840596,
    "precioPromedio": 11914,
    "mapsUrl": "https://www.google.com/maps/search/?q=Sushitsu+Delivery+P32+quilpue"
  },
  {
    "nombre": "Empanadas Y Colaciones Sabrosas",
    "descripcion": "",
    "delivery": true,
    "ciudad": "quilpue",
    "fuente": "pedidosya",
    "tipoDetectado": "otro",
    "lat": -33.05186733663672,
    "lng": -71.45168690077053,
    "precioPromedio": 4462,
    "mapsUrl": "https://www.google.com/maps/search/?q=Empanadas+Y+Colaciones+Sabrosas+quilpue"
  },
  {
    "nombre": "Pau San Quilpue",
    "descripcion": "",
    "delivery": true,
    "ciudad": "quilpue",
    "fuente": "pedidosya",
    "tipoDetectado": "otro",
    "lat": -33.043338902596986,
    "lng": -71.44968005339078,
    "precioPromedio": 10948,
    "mapsUrl": "https://www.google.com/maps/search/?q=Pau+San+Quilpue+quilpue"
  },
  {
    "nombre": "Buen Gusto - Quilpué",
    "descripcion": "",
    "delivery": true,
    "ciudad": "quilpue",
    "fuente": "pedidosya",
    "tipoDetectado": "otro",
    "lat": -33.05083217862801,
    "lng": -71.44511683296984,
    "precioPromedio": 3758,
    "mapsUrl": "https://www.google.com/maps/search/?q=Buen+Gusto+-+Quilpué+quilpue"
  },
  {
    "nombre": "Happy Days Waffles - Quilpué",
    "descripcion": "",
    "delivery": true,
    "ciudad": "quilpue",
    "fuente": "pedidosya",
    "tipoDetectado": "otro",
    "lat": -33.04817963808558,
    "lng": -71.44653758681417,
    "precioPromedio": 7991,
    "mapsUrl": "https://www.google.com/maps/search/?q=Happy+Days+Waffles+-+Quilpué+quilpue"
  },
  {
    "nombre": "Master Wok",
    "descripcion": "",
    "delivery": true,
    "ciudad": "quilpue",
    "fuente": "pedidosya",
    "tipoDetectado": "otro",
    "lat": -33.04769102024785,
    "lng": -71.43516529105169,
    "precioPromedio": 6549,
    "mapsUrl": "https://www.google.com/maps/search/?q=Master+Wok+quilpue"
  },
  {
    "nombre": "Dim’s Cafe - Quilpue",
    "descripcion": "",
    "delivery": true,
    "ciudad": "quilpue",
    "fuente": "pedidosya",
    "tipoDetectado": "otro",
    "lat": -33.04575968324676,
    "lng": -71.43530614060606,
    "precioPromedio": 8946,
    "mapsUrl": "https://www.google.com/maps/search/?q=Dim’s+Cafe+-+Quilpue+quilpue"
  },
  {
    "nombre": "Delicias Fusión Quilpue",
    "descripcion": "",
    "delivery": true,
    "ciudad": "quilpue",
    "fuente": "pedidosya",
    "tipoDetectado": "otro",
    "lat": -33.04462689608387,
    "lng": -71.44936779580152,
    "precioPromedio": 3622,
    "mapsUrl": "https://www.google.com/maps/search/?q=Delicias+Fusión+Quilpue+quilpue"
  },
  {
    "nombre": "Tribu Quilpue Sabores Del Mundo",
    "descripcion": "",
    "delivery": true,
    "ciudad": "quilpue",
    "fuente": "pedidosya",
    "tipoDetectado": "otro",
    "lat": -33.04165259815094,
    "lng": -71.44289135540659,
    "precioPromedio": 7793,
    "mapsUrl": "https://www.google.com/maps/search/?q=Tribu+Quilpue+Sabores+Del+Mundo+quilpue"
  },
  {
    "nombre": "Mako Sushi Villa Alemana",
    "descripcion": "",
    "delivery": true,
    "ciudad": "quilpue",
    "fuente": "pedidosya",
    "tipoDetectado": "sushi",
    "lat": -33.03679465597995,
    "lng": -71.44196430289165,
    "precioPromedio": 8250,
    "mapsUrl": "https://www.google.com/maps/search/?q=Mako+Sushi+Villa+Alemana+quilpue"
  },
  {
    "nombre": "Perro Waton",
    "descripcion": "",
    "delivery": true,
    "ciudad": "quilpue",
    "fuente": "pedidosya",
    "tipoDetectado": "otro",
    "lat": -33.04272927134907,
    "lng": -71.4527708424054,
    "precioPromedio": 4132,
    "mapsUrl": "https://www.google.com/maps/search/?q=Perro+Waton+quilpue"
  },
  {
    "nombre": "Papa'lbajon La Experiencia",
    "descripcion": "",
    "delivery": true,
    "ciudad": "quilpue",
    "fuente": "pedidosya",
    "tipoDetectado": "otro",
    "lat": -33.04139659920164,
    "lng": -71.4430938182844,
    "precioPromedio": 5757,
    "mapsUrl": "https://www.google.com/maps/search/?q=Papa'lbajon+La+Experiencia+quilpue"
  },
  {
    "nombre": "Pizzas Ropzila",
    "descripcion": "",
    "delivery": true,
    "ciudad": "quilpue",
    "fuente": "pedidosya",
    "tipoDetectado": "pizza",
    "lat": -33.04317199358809,
    "lng": -71.43654508414232,
    "precioPromedio": 11344,
    "mapsUrl": "https://www.google.com/maps/search/?q=Pizzas+Ropzila+quilpue"
  },
  {
    "nombre": "Ñam Ñam",
    "descripcion": "",
    "delivery": true,
    "ciudad": "quilpue",
    "fuente": "pedidosya",
    "tipoDetectado": "otro",
    "lat": -33.03763124087279,
    "lng": -71.43544033031031,
    "precioPromedio": 2871,
    "mapsUrl": "https://www.google.com/maps/search/?q=Ñam+Ñam+quilpue"
  },
  {
    "nombre": "Da Salvatore",
    "descripcion": "",
    "delivery": true,
    "ciudad": "quilpue",
    "fuente": "pedidosya",
    "tipoDetectado": "otro",
    "lat": -33.04379074671614,
    "lng": -71.43515657519305,
    "precioPromedio": 8060,
    "mapsUrl": "https://www.google.com/maps/search/?q=Da+Salvatore+quilpue"
  },
  {
    "nombre": "Happy Gelato - Quilpué",
    "descripcion": "",
    "delivery": true,
    "ciudad": "quilpue",
    "fuente": "pedidosya",
    "tipoDetectado": "otro",
    "lat": -33.044430879649084,
    "lng": -71.44693684613999,
    "precioPromedio": 5652,
    "mapsUrl": "https://www.google.com/maps/search/?q=Happy+Gelato+-+Quilpué+quilpue"
  },
  {
    "nombre": "Sol De Mar",
    "descripcion": "",
    "delivery": true,
    "ciudad": "quilpue",
    "fuente": "pedidosya",
    "tipoDetectado": "otro",
    "lat": -33.04078819207325,
    "lng": -71.45148946493114,
    "precioPromedio": 10401,
    "mapsUrl": "https://www.google.com/maps/search/?q=Sol+De+Mar+quilpue"
  },
  {
    "nombre": "Macarons Pasteleria Sin Azúcar Keto Y Tradicional",
    "descripcion": "",
    "delivery": true,
    "ciudad": "quilpue",
    "fuente": "pedidosya",
    "tipoDetectado": "otro",
    "lat": -33.0548290350221,
    "lng": -71.45176577819362,
    "precioPromedio": 4121,
    "mapsUrl": "https://www.google.com/maps/search/?q=Macarons+Pasteleria+Sin+Azúcar+Keto+Y+Tradicional+quilpue"
  },
  {
    "nombre": "Empanadas El Escandalo",
    "descripcion": "",
    "delivery": true,
    "ciudad": "quilpue",
    "fuente": "pedidosya",
    "tipoDetectado": "otro",
    "lat": -33.037622262463806,
    "lng": -71.44746263827892,
    "precioPromedio": 3929,
    "mapsUrl": "https://www.google.com/maps/search/?q=Empanadas+El+Escandalo+quilpue"
  },
  {
    "nombre": "Burger  Sandwich Tk - Quilpue",
    "descripcion": "",
    "delivery": true,
    "ciudad": "quilpue",
    "fuente": "pedidosya",
    "tipoDetectado": "sanguchería",
    "lat": -33.0529750144783,
    "lng": -71.44181420217804,
    "precioPromedio": 3581,
    "mapsUrl": "https://www.google.com/maps/search/?q=Burger++Sandwich+Tk+-+Quilpue+quilpue"
  },
  {
    "nombre": "Mandala Quilpué Shawarmas",
    "descripcion": "",
    "delivery": true,
    "ciudad": "quilpue",
    "fuente": "pedidosya",
    "tipoDetectado": "otro",
    "lat": -33.04247948009814,
    "lng": -71.44369145471526,
    "precioPromedio": 10482,
    "mapsUrl": "https://www.google.com/maps/search/?q=Mandala+Quilpué+Shawarmas+quilpue"
  },
  {
    "nombre": "Restaurant Sol - Comida China",
    "descripcion": "",
    "delivery": true,
    "ciudad": "quilpue",
    "fuente": "pedidosya",
    "tipoDetectado": "otro",
    "lat": -33.0451665771709,
    "lng": -71.43876629442826,
    "precioPromedio": 7448,
    "mapsUrl": "https://www.google.com/maps/search/?q=Restaurant+Sol+-+Comida+China+quilpue"
  },
  {
    "nombre": "Pollo Campo Quilpué",
    "descripcion": "",
    "delivery": true,
    "ciudad": "quilpue",
    "fuente": "pedidosya",
    "tipoDetectado": "pollo",
    "lat": -33.03871425410684,
    "lng": -71.45081016408706,
    "precioPromedio": 10800,
    "mapsUrl": "https://www.google.com/maps/search/?q=Pollo+Campo+Quilpué+quilpue"
  },
  {
    "nombre": "Más Que Burger Quilpue Centro",
    "descripcion": "",
    "delivery": true,
    "ciudad": "quilpue",
    "fuente": "pedidosya",
    "tipoDetectado": "sanguchería",
    "lat": -33.05353261967466,
    "lng": -71.44599834262766,
    "precioPromedio": 10440,
    "mapsUrl": "https://www.google.com/maps/search/?q=Más+Que+Burger+Quilpue+Centro+quilpue"
  },
  {
    "nombre": "Papa Pollo - Quilpué",
    "descripcion": "",
    "delivery": true,
    "ciudad": "quilpue",
    "fuente": "pedidosya",
    "tipoDetectado": "pollo",
    "lat": -33.04277961362477,
    "lng": -71.4388464467354,
    "precioPromedio": 9980,
    "mapsUrl": "https://www.google.com/maps/search/?q=Papa+Pollo+-+Quilpué+quilpue"
  },
  {
    "nombre": "Coffee Day´s",
    "descripcion": "",
    "delivery": true,
    "ciudad": "quilpue",
    "fuente": "pedidosya",
    "tipoDetectado": "cafe",
    "lat": -33.04099429664719,
    "lng": -71.44462100949656,
    "precioPromedio": 4235,
    "mapsUrl": "https://www.google.com/maps/search/?q=Coffee+Day´s+quilpue"
  },
  {
    "nombre": "La Boca 162",
    "descripcion": "",
    "delivery": true,
    "ciudad": "quilpue",
    "fuente": "pedidosya",
    "tipoDetectado": "otro",
    "lat": -33.04864812964635,
    "lng": -71.43803277850976,
    "precioPromedio": 2689,
    "mapsUrl": "https://www.google.com/maps/search/?q=La+Boca+162+quilpue"
  },
  {
    "nombre": "Rhino Bite",
    "descripcion": "",
    "delivery": true,
    "ciudad": "quilpue",
    "fuente": "pedidosya",
    "tipoDetectado": "otro",
    "lat": -33.04961264124349,
    "lng": -71.44187086740477,
    "precioPromedio": 5072,
    "mapsUrl": "https://www.google.com/maps/search/?q=Rhino+Bite+quilpue"
  },
  {
    "nombre": "Las Mil Y Una Empanadas",
    "descripcion": "",
    "delivery": true,
    "ciudad": "quilpue",
    "fuente": "pedidosya",
    "tipoDetectado": "otro",
    "lat": -33.05053470960107,
    "lng": -71.4540797347329,
    "precioPromedio": 3664,
    "mapsUrl": "https://www.google.com/maps/search/?q=Las+Mil+Y+Una+Empanadas+quilpue"
  },
  {
    "nombre": "Mr. Crunch - Villa Alemana",
    "descripcion": "",
    "delivery": true,
    "ciudad": "quilpue",
    "fuente": "pedidosya",
    "tipoDetectado": "otro",
    "lat": -33.054332697684586,
    "lng": -71.43981427600534,
    "precioPromedio": 10154,
    "mapsUrl": "https://www.google.com/maps/search/?q=Mr.+Crunch+-+Villa+Alemana+quilpue"
  },
  {
    "nombre": "Encanto De Mi Tierra",
    "descripcion": "",
    "delivery": true,
    "ciudad": "quilpue",
    "fuente": "pedidosya",
    "tipoDetectado": "otro",
    "lat": -33.042639997932746,
    "lng": -71.44337079917821,
    "precioPromedio": 11556,
    "mapsUrl": "https://www.google.com/maps/search/?q=Encanto+De+Mi+Tierra+quilpue"
  },
  {
    "nombre": "La Picá Del Canalla",
    "descripcion": "",
    "delivery": true,
    "ciudad": "quilpue",
    "fuente": "pedidosya",
    "tipoDetectado": "otro",
    "lat": -33.038937318782516,
    "lng": -71.44344277063756,
    "precioPromedio": 11894,
    "mapsUrl": "https://www.google.com/maps/search/?q=La+Picá+Del+Canalla+quilpue"
  },
  {
    "nombre": "Pokepoint",
    "descripcion": "",
    "delivery": true,
    "ciudad": "quilpue",
    "fuente": "pedidosya",
    "tipoDetectado": "otro",
    "lat": -33.04823189239149,
    "lng": -71.4443401861481,
    "precioPromedio": 2635,
    "mapsUrl": "https://www.google.com/maps/search/?q=Pokepoint+quilpue"
  },
  {
    "nombre": "Sibaritas 184",
    "descripcion": "",
    "delivery": true,
    "ciudad": "quilpue",
    "fuente": "pedidosya",
    "tipoDetectado": "otro",
    "lat": -33.04219159214441,
    "lng": -71.44516810163663,
    "precioPromedio": 11649,
    "mapsUrl": "https://www.google.com/maps/search/?q=Sibaritas+184+quilpue"
  },
  {
    "nombre": "Casino De Bomberos La Primera",
    "descripcion": "",
    "delivery": true,
    "ciudad": "quilpue",
    "fuente": "pedidosya",
    "tipoDetectado": "otro",
    "lat": -33.04687419381963,
    "lng": -71.44914097473541,
    "precioPromedio": 5923,
    "mapsUrl": "https://www.google.com/maps/search/?q=Casino+De+Bomberos+La+Primera+quilpue"
  },
  {
    "nombre": "Papal Bajon Delivery",
    "descripcion": "",
    "delivery": true,
    "ciudad": "quilpue",
    "fuente": "pedidosya",
    "tipoDetectado": "otro",
    "lat": -33.039820907503085,
    "lng": -71.45394364352208,
    "precioPromedio": 10284,
    "mapsUrl": "https://www.google.com/maps/search/?q=Papal+Bajon+Delivery+quilpue"
  },
  {
    "nombre": "Patio 511 - Quilpué",
    "descripcion": "",
    "delivery": true,
    "ciudad": "quilpue",
    "fuente": "pedidosya",
    "tipoDetectado": "otro",
    "lat": -33.04768493909042,
    "lng": -71.43534950058257,
    "precioPromedio": 3603,
    "mapsUrl": "https://www.google.com/maps/search/?q=Patio+511+-+Quilpué+quilpue"
  },
  {
    "nombre": "Restaurante Lomitos",
    "descripcion": "",
    "delivery": true,
    "ciudad": "quilpue",
    "fuente": "pedidosya",
    "tipoDetectado": "otro",
    "lat": -33.05206400562863,
    "lng": -71.44533162641943,
    "precioPromedio": 6607,
    "mapsUrl": "https://www.google.com/maps/search/?q=Restaurante+Lomitos+quilpue"
  },
  {
    "nombre": "La Fabrika Quilpue",
    "descripcion": "",
    "delivery": true,
    "ciudad": "quilpue",
    "fuente": "pedidosya",
    "tipoDetectado": "otro",
    "lat": -33.05345580952909,
    "lng": -71.45087752019435,
    "precioPromedio": 5910,
    "mapsUrl": "https://www.google.com/maps/search/?q=La+Fabrika+Quilpue+quilpue"
  },
  {
    "nombre": "Pollo Campo Villa Alemana",
    "descripcion": "",
    "delivery": true,
    "ciudad": "quilpue",
    "fuente": "pedidosya",
    "tipoDetectado": "pollo",
    "lat": -33.03871762340652,
    "lng": -71.45212393927275,
    "precioPromedio": 3623,
    "mapsUrl": "https://www.google.com/maps/search/?q=Pollo+Campo+Villa+Alemana+quilpue"
  },
  {
    "nombre": "Yogen Fruz - Belloto",
    "descripcion": "",
    "delivery": true,
    "ciudad": "quilpue",
    "fuente": "pedidosya",
    "tipoDetectado": "otro",
    "lat": -33.047727300744754,
    "lng": -71.44930470746039,
    "precioPromedio": 10167,
    "mapsUrl": "https://www.google.com/maps/search/?q=Yogen+Fruz+-+Belloto+quilpue"
  },
  {
    "nombre": "Mokavad Pizzas",
    "descripcion": "",
    "delivery": true,
    "ciudad": "quilpue",
    "fuente": "pedidosya",
    "tipoDetectado": "pizza",
    "lat": -33.05357425970803,
    "lng": -71.44891446419028,
    "precioPromedio": 8400,
    "mapsUrl": "https://www.google.com/maps/search/?q=Mokavad+Pizzas+quilpue"
  },
  {
    "nombre": "El Señor De Los Completos - Freire",
    "descripcion": "",
    "delivery": true,
    "ciudad": "quilpue",
    "fuente": "pedidosya",
    "tipoDetectado": "otro",
    "lat": -33.05209275775851,
    "lng": -71.4468435779464,
    "precioPromedio": 8192,
    "mapsUrl": "https://www.google.com/maps/search/?q=El+Señor+De+Los+Completos+-+Freire+quilpue"
  },
  {
    "nombre": "Buenaventura Los Pinos",
    "descripcion": "",
    "delivery": true,
    "ciudad": "quilpue",
    "fuente": "pedidosya",
    "tipoDetectado": "otro",
    "lat": -33.05438490925978,
    "lng": -71.4493371194669,
    "precioPromedio": 2690,
    "mapsUrl": "https://www.google.com/maps/search/?q=Buenaventura+Los+Pinos+quilpue"
  },
  {
    "nombre": "Bonsai Sandwiches",
    "descripcion": "",
    "delivery": true,
    "ciudad": "quilpue",
    "fuente": "pedidosya",
    "tipoDetectado": "otro",
    "lat": -33.05216829387477,
    "lng": -71.43610173674347,
    "precioPromedio": 4391,
    "mapsUrl": "https://www.google.com/maps/search/?q=Bonsai+Sandwiches+quilpue"
  },
  {
    "nombre": "Pizzas Carlitos Lechuga",
    "descripcion": "",
    "delivery": true,
    "ciudad": "quilpue",
    "fuente": "pedidosya",
    "tipoDetectado": "pizza",
    "lat": -33.040786244341824,
    "lng": -71.4535738631961,
    "precioPromedio": 3167,
    "mapsUrl": "https://www.google.com/maps/search/?q=Pizzas+Carlitos+Lechuga+quilpue"
  },
  {
    "nombre": "Sangucheria Trece Y Medio",
    "descripcion": "",
    "delivery": true,
    "ciudad": "quilpue",
    "fuente": "pedidosya",
    "tipoDetectado": "otro",
    "lat": -33.04950069577415,
    "lng": -71.43979916040857,
    "precioPromedio": 8474,
    "mapsUrl": "https://www.google.com/maps/search/?q=Sangucheria+Trece+Y+Medio+quilpue"
  },
  {
    "nombre": "Don Atón",
    "descripcion": "",
    "delivery": true,
    "ciudad": "quilpue",
    "fuente": "pedidosya",
    "tipoDetectado": "otro",
    "lat": -33.03581311192156,
    "lng": -71.43612202563448,
    "precioPromedio": 4288,
    "mapsUrl": "https://www.google.com/maps/search/?q=Don+Atón+quilpue"
  },
  {
    "nombre": "Sashimi 747",
    "descripcion": "",
    "delivery": true,
    "ciudad": "quilpue",
    "fuente": "pedidosya",
    "tipoDetectado": "sushi",
    "lat": -33.04267319509366,
    "lng": -71.44340751869049,
    "precioPromedio": 11466,
    "mapsUrl": "https://www.google.com/maps/search/?q=Sashimi+747+quilpue"
  },
  {
    "nombre": "Sandwichería Mis Delicias",
    "descripcion": "",
    "delivery": true,
    "ciudad": "quilpue",
    "fuente": "pedidosya",
    "tipoDetectado": "sanguchería",
    "lat": -33.05298807232044,
    "lng": -71.44003511259751,
    "precioPromedio": 8825,
    "mapsUrl": "https://www.google.com/maps/search/?q=Sandwichería+Mis+Delicias+quilpue"
  },
  {
    "nombre": "Don Anibal",
    "descripcion": "",
    "delivery": true,
    "ciudad": "quilpue",
    "fuente": "pedidosya",
    "tipoDetectado": "otro",
    "lat": -33.041229514948235,
    "lng": -71.43894276195475,
    "precioPromedio": 5463,
    "mapsUrl": "https://www.google.com/maps/search/?q=Don+Anibal+quilpue"
  },
  {
    "nombre": "Barranquilla Pizzas 503",
    "descripcion": "",
    "delivery": true,
    "ciudad": "quilpue",
    "fuente": "pedidosya",
    "tipoDetectado": "pizza",
    "lat": -33.05230348101505,
    "lng": -71.43879792780628,
    "precioPromedio": 5600,
    "mapsUrl": "https://www.google.com/maps/search/?q=Barranquilla+Pizzas+503+quilpue"
  },
  {
    "id": 480293,
    "nombre": "KFC Paseo Quilpue",
    "descripcion": "",
    "categorias": [],
    "tags": [],
    "rating": null,
    "tiempo_envio_minutos": null,
    "delivery": true,
    "ciudad": "quilpue",
    "fuente": "pedidosya",
    "tipoDetectado": "pollo",
    "lat": -33.04993830568162,
    "lng": -71.4388891558505,
    "precioPromedio": 10952,
    "mapsUrl": "https://www.google.com/maps/search/?q=KFC+Paseo+Quilpue+quilpue"
  },
  {
    "id": 410910,
    "nombre": "Poked - Quilpué.",
    "descripcion": "",
    "categorias": [],
    "tags": [],
    "rating": null,
    "tiempo_envio_minutos": null,
    "delivery": true,
    "ciudad": "quilpue",
    "fuente": "pedidosya",
    "tipoDetectado": "otro",
    "lat": -33.039036405204534,
    "lng": -71.4542294938022,
    "precioPromedio": 10107,
    "mapsUrl": "https://www.google.com/maps/search/?q=Poked+-+Quilpué.+quilpue"
  },
  {
    "id": 546083,
    "nombre": "Good Luck",
    "descripcion": "",
    "categorias": [],
    "tags": [],
    "rating": null,
    "tiempo_envio_minutos": null,
    "delivery": true,
    "ciudad": "quilpue",
    "fuente": "pedidosya",
    "tipoDetectado": "otro",
    "lat": -33.04126811857319,
    "lng": -71.43888025620122,
    "precioPromedio": 8586,
    "mapsUrl": "https://www.google.com/maps/search/?q=Good+Luck+quilpue"
  },
  {
    "id": 135160,
    "nombre": "Melt Pizzas - Quilpue",
    "descripcion": "",
    "categorias": [],
    "tags": [],
    "rating": null,
    "tiempo_envio_minutos": null,
    "delivery": true,
    "ciudad": "quilpue",
    "fuente": "pedidosya",
    "tipoDetectado": "pizza",
    "lat": -33.04460688001766,
    "lng": -71.44826493866604,
    "precioPromedio": 11552,
    "mapsUrl": "https://www.google.com/maps/search/?q=Melt+Pizzas+-+Quilpue+quilpue"
  },
  {
    "id": 520042,
    "nombre": "Jirén Sushi Quilpué",
    "descripcion": "",
    "categorias": [],
    "tags": [],
    "rating": null,
    "tiempo_envio_minutos": null,
    "delivery": true,
    "ciudad": "quilpue",
    "fuente": "pedidosya",
    "tipoDetectado": "sushi",
    "lat": -33.044779490627455,
    "lng": -71.44472444575355,
    "precioPromedio": 9120,
    "mapsUrl": "https://www.google.com/maps/search/?q=Jirén+Sushi+Quilpué+quilpue"
  },
  {
    "id": 190818,
    "nombre": "Gorilas Quilpue",
    "descripcion": "",
    "categorias": [],
    "tags": [],
    "rating": null,
    "tiempo_envio_minutos": null,
    "delivery": true,
    "ciudad": "quilpue",
    "fuente": "pedidosya",
    "tipoDetectado": "otro",
    "lat": -33.03726363243818,
    "lng": -71.43964875888453,
    "precioPromedio": 5400,
    "mapsUrl": "https://www.google.com/maps/search/?q=Gorilas+Quilpue+quilpue"
  },
  {
    "id": 437124,
    "nombre": "Roof Burger - Quilpue",
    "descripcion": "",
    "categorias": [],
    "tags": [],
    "rating": null,
    "tiempo_envio_minutos": null,
    "delivery": true,
    "ciudad": "quilpue",
    "fuente": "pedidosya",
    "tipoDetectado": "sanguchería",
    "lat": -33.04322974925588,
    "lng": -71.43894911213243,
    "precioPromedio": 5891,
    "mapsUrl": "https://www.google.com/maps/search/?q=Roof+Burger+-+Quilpue+quilpue"
  },
  {
    "id": 334534,
    "nombre": "Tarragona Mall Paseo Quilpué",
    "descripcion": "",
    "categorias": [],
    "tags": [],
    "rating": null,
    "tiempo_envio_minutos": null,
    "delivery": true,
    "ciudad": "quilpue",
    "fuente": "pedidosya",
    "tipoDetectado": "otro",
    "lat": -33.046839615275964,
    "lng": -71.45080226929248,
    "precioPromedio": 7416,
    "mapsUrl": "https://www.google.com/maps/search/?q=Tarragona+Mall+Paseo+Quilpué+quilpue"
  },
  {
    "id": 374303,
    "nombre": "Doggis Paseo Quilpué",
    "descripcion": "",
    "categorias": [],
    "tags": [],
    "rating": null,
    "tiempo_envio_minutos": null,
    "delivery": true,
    "ciudad": "quilpue",
    "fuente": "pedidosya",
    "tipoDetectado": "franquicia",
    "lat": -33.05330391567102,
    "lng": -71.4521766510306,
    "precioPromedio": 11184,
    "mapsUrl": "https://www.google.com/maps/search/?q=Doggis+Paseo+Quilpué+quilpue"
  },
  {
    "id": 306719,
    "nombre": "Dunkin’ Quilpué",
    "descripcion": "",
    "categorias": [],
    "tags": [],
    "rating": null,
    "tiempo_envio_minutos": null,
    "delivery": true,
    "ciudad": "quilpue",
    "fuente": "pedidosya",
    "tipoDetectado": "franquicia",
    "lat": -33.04614683525298,
    "lng": -71.44636060949124,
    "precioPromedio": 7712,
    "mapsUrl": "https://www.google.com/maps/search/?q=Dunkin’+Quilpué+quilpue"
  },
  {
    "id": 182715,
    "nombre": "Wakame Sushi - Quilpué",
    "descripcion": "",
    "categorias": [],
    "tags": [],
    "rating": null,
    "tiempo_envio_minutos": null,
    "delivery": true,
    "ciudad": "quilpue",
    "fuente": "pedidosya",
    "tipoDetectado": "sushi",
    "lat": -33.040468434796004,
    "lng": -71.43621905483586,
    "precioPromedio": 5139,
    "mapsUrl": "https://www.google.com/maps/search/?q=Wakame+Sushi+-+Quilpué+quilpue"
  },
  {
    "id": 375870,
    "nombre": "Juan Maestro Paseo Quilpué",
    "descripcion": "",
    "categorias": [],
    "tags": [],
    "rating": null,
    "tiempo_envio_minutos": null,
    "delivery": true,
    "ciudad": "quilpue",
    "fuente": "pedidosya",
    "tipoDetectado": "franquicia",
    "lat": -33.05115761120938,
    "lng": -71.43936664090964,
    "precioPromedio": 11629,
    "mapsUrl": "https://www.google.com/maps/search/?q=Juan+Maestro+Paseo+Quilpué+quilpue"
  },
  {
    "id": 340882,
    "nombre": "Gostoso Sushi",
    "descripcion": "",
    "categorias": [],
    "tags": [],
    "rating": null,
    "tiempo_envio_minutos": null,
    "delivery": true,
    "ciudad": "quilpue",
    "fuente": "pedidosya",
    "tipoDetectado": "sushi",
    "lat": -33.05414230406207,
    "lng": -71.44388116680291,
    "precioPromedio": 7590,
    "mapsUrl": "https://www.google.com/maps/search/?q=Gostoso+Sushi+quilpue"
  },
  {
    "id": 138819,
    "nombre": "El Clandestino - Gastronomía Peruana",
    "descripcion": "",
    "categorias": [],
    "tags": [],
    "rating": null,
    "tiempo_envio_minutos": null,
    "delivery": true,
    "ciudad": "quilpue",
    "fuente": "pedidosya",
    "tipoDetectado": "latina",
    "lat": -33.05330976981654,
    "lng": -71.44151157139976,
    "precioPromedio": 9061,
    "mapsUrl": "https://www.google.com/maps/search/?q=El+Clandestino+-+Gastronomía+Peruana+quilpue"
  },
  {
    "id": 434707,
    "nombre": "Toros Food",
    "descripcion": "",
    "categorias": [],
    "tags": [],
    "rating": null,
    "tiempo_envio_minutos": null,
    "delivery": true,
    "ciudad": "quilpue",
    "fuente": "pedidosya",
    "tipoDetectado": "otro",
    "lat": -33.047611027475014,
    "lng": -71.44204360935291,
    "precioPromedio": 8638,
    "mapsUrl": "https://www.google.com/maps/search/?q=Toros+Food+quilpue"
  },
  {
    "id": 259234,
    "nombre": "Fu An - Quilpué",
    "descripcion": "",
    "categorias": [],
    "tags": [],
    "rating": null,
    "tiempo_envio_minutos": null,
    "delivery": true,
    "ciudad": "quilpue",
    "fuente": "pedidosya",
    "tipoDetectado": "otro",
    "lat": -33.05348578231587,
    "lng": -71.44632775495168,
    "precioPromedio": 8602,
    "mapsUrl": "https://www.google.com/maps/search/?q=Fu+An+-+Quilpué+quilpue"
  },
  {
    "id": 118130,
    "nombre": "Sazón Veintiuno De Mayo",
    "descripcion": "",
    "categorias": [],
    "tags": [],
    "rating": null,
    "tiempo_envio_minutos": null,
    "delivery": true,
    "ciudad": "quilpue",
    "fuente": "pedidosya",
    "tipoDetectado": "otro",
    "lat": -33.04652068525016,
    "lng": -71.44533213815649,
    "precioPromedio": 6155,
    "mapsUrl": "https://www.google.com/maps/search/?q=Sazón+Veintiuno+De+Mayo+quilpue"
  },
  {
    "id": 226122,
    "nombre": "Tribeca - Quilpué",
    "descripcion": "",
    "categorias": [],
    "tags": [],
    "rating": null,
    "tiempo_envio_minutos": null,
    "delivery": true,
    "ciudad": "quilpue",
    "fuente": "pedidosya",
    "tipoDetectado": "otro",
    "lat": -33.04706857833055,
    "lng": -71.44432137416898,
    "precioPromedio": 5772,
    "mapsUrl": "https://www.google.com/maps/search/?q=Tribeca+-+Quilpué+quilpue"
  },
  {
    "id": 529106,
    "nombre": "Gordos - Quilpue",
    "descripcion": "",
    "categorias": [],
    "tags": [],
    "rating": null,
    "tiempo_envio_minutos": null,
    "delivery": true,
    "ciudad": "quilpue",
    "fuente": "pedidosya",
    "tipoDetectado": "otro",
    "lat": -33.0462580590308,
    "lng": -71.44415584062276,
    "precioPromedio": 5898,
    "mapsUrl": "https://www.google.com/maps/search/?q=Gordos+-+Quilpue+quilpue"
  },
  {
    "id": 119430,
    "nombre": "Café Miranda Quilpué",
    "descripcion": "",
    "categorias": [],
    "tags": [],
    "rating": null,
    "tiempo_envio_minutos": null,
    "delivery": true,
    "ciudad": "quilpue",
    "fuente": "pedidosya",
    "tipoDetectado": "cafe",
    "lat": -33.04027819412197,
    "lng": -71.44494671672192,
    "precioPromedio": 9953,
    "mapsUrl": "https://www.google.com/maps/search/?q=Café+Miranda+Quilpué+quilpue"
  },
  {
    "id": 302097,
    "nombre": "Pau San Quilpue",
    "descripcion": "",
    "categorias": [],
    "tags": [],
    "rating": null,
    "tiempo_envio_minutos": null,
    "delivery": true,
    "ciudad": "quilpue",
    "fuente": "pedidosya",
    "tipoDetectado": "otro",
    "lat": -33.05058135378318,
    "lng": -71.43678313765461,
    "precioPromedio": 11590,
    "mapsUrl": "https://www.google.com/maps/search/?q=Pau+San+Quilpue+quilpue"
  },
  {
    "id": 456646,
    "nombre": "La Turrunta",
    "descripcion": "",
    "categorias": [],
    "tags": [],
    "rating": null,
    "tiempo_envio_minutos": null,
    "delivery": true,
    "ciudad": "quilpue",
    "fuente": "pedidosya",
    "tipoDetectado": "otro",
    "lat": -33.04474554771433,
    "lng": -71.44124784333104,
    "precioPromedio": 2771,
    "mapsUrl": "https://www.google.com/maps/search/?q=La+Turrunta+quilpue"
  },
  {
    "id": 530600,
    "nombre": "Vika Pokewraps",
    "descripcion": "",
    "categorias": [],
    "tags": [],
    "rating": null,
    "tiempo_envio_minutos": null,
    "delivery": true,
    "ciudad": "quilpue",
    "fuente": "pedidosya",
    "tipoDetectado": "otro",
    "lat": -33.048242744257266,
    "lng": -71.4501665204651,
    "precioPromedio": 10894,
    "mapsUrl": "https://www.google.com/maps/search/?q=Vika+Pokewraps+quilpue"
  },
  {
    "id": 437013,
    "nombre": "Crust Burger",
    "descripcion": "",
    "categorias": [],
    "tags": [],
    "rating": null,
    "tiempo_envio_minutos": null,
    "delivery": true,
    "ciudad": "quilpue",
    "fuente": "pedidosya",
    "tipoDetectado": "sanguchería",
    "lat": -33.04630052762671,
    "lng": -71.43911962119148,
    "precioPromedio": 7225,
    "mapsUrl": "https://www.google.com/maps/search/?q=Crust+Burger+quilpue"
  },
  {
    "id": 310286,
    "nombre": "Buen Gusto - Quilpué",
    "descripcion": "",
    "categorias": [],
    "tags": [],
    "rating": null,
    "tiempo_envio_minutos": null,
    "delivery": true,
    "ciudad": "quilpue",
    "fuente": "pedidosya",
    "tipoDetectado": "otro",
    "lat": -33.047390191735026,
    "lng": -71.43875424815366,
    "precioPromedio": 8290,
    "mapsUrl": "https://www.google.com/maps/search/?q=Buen+Gusto+-+Quilpué+quilpue"
  },
  {
    "id": 29754,
    "nombre": "Il Capo Di Tutti",
    "descripcion": "",
    "categorias": [],
    "tags": [],
    "rating": null,
    "tiempo_envio_minutos": null,
    "delivery": true,
    "ciudad": "quilpue",
    "fuente": "pedidosya",
    "tipoDetectado": "otro",
    "lat": -33.04344868299401,
    "lng": -71.44633761438777,
    "precioPromedio": 4657,
    "mapsUrl": "https://www.google.com/maps/search/?q=Il+Capo+Di+Tutti+quilpue"
  },
  {
    "id": 529645,
    "nombre": "Happy Gelato - Quilpué",
    "descripcion": "",
    "categorias": [],
    "tags": [],
    "rating": null,
    "tiempo_envio_minutos": null,
    "delivery": true,
    "ciudad": "quilpue",
    "fuente": "pedidosya",
    "tipoDetectado": "otro",
    "lat": -33.04660035073432,
    "lng": -71.45149956749714,
    "precioPromedio": 2764,
    "mapsUrl": "https://www.google.com/maps/search/?q=Happy+Gelato+-+Quilpué+quilpue"
  },
  {
    "id": 521645,
    "nombre": "Happy Days Waffles - Quilpué",
    "descripcion": "",
    "categorias": [],
    "tags": [],
    "rating": null,
    "tiempo_envio_minutos": null,
    "delivery": true,
    "ciudad": "quilpue",
    "fuente": "pedidosya",
    "tipoDetectado": "otro",
    "lat": -33.05183291709808,
    "lng": -71.43910218911704,
    "precioPromedio": 2638,
    "mapsUrl": "https://www.google.com/maps/search/?q=Happy+Days+Waffles+-+Quilpué+quilpue"
  },
  {
    "id": 484341,
    "nombre": "Coccolino Pastelería Quilpué",
    "descripcion": "",
    "categorias": [],
    "tags": [],
    "rating": null,
    "tiempo_envio_minutos": null,
    "delivery": true,
    "ciudad": "quilpue",
    "fuente": "pedidosya",
    "tipoDetectado": "otro",
    "lat": -33.03631648129126,
    "lng": -71.4445404052272,
    "precioPromedio": 10872,
    "mapsUrl": "https://www.google.com/maps/search/?q=Coccolino+Pastelería+Quilpué+quilpue"
  },
  {
    "id": 536871,
    "nombre": "Pan Ceres",
    "descripcion": "",
    "categorias": [],
    "tags": [],
    "rating": null,
    "tiempo_envio_minutos": null,
    "delivery": true,
    "ciudad": "quilpue",
    "fuente": "pedidosya",
    "tipoDetectado": "panadería",
    "lat": -33.03939933559324,
    "lng": -71.44847703487322,
    "precioPromedio": 7566,
    "mapsUrl": "https://www.google.com/maps/search/?q=Pan+Ceres+quilpue"
  },
  {
    "id": 178708,
    "nombre": "Panadería Elimar",
    "descripcion": "",
    "categorias": [],
    "tags": [],
    "rating": null,
    "tiempo_envio_minutos": null,
    "delivery": true,
    "ciudad": "quilpue",
    "fuente": "pedidosya",
    "tipoDetectado": "panadería",
    "lat": -33.04676508811396,
    "lng": -71.45241343418446,
    "precioPromedio": 8285,
    "mapsUrl": "https://www.google.com/maps/search/?q=Panadería+Elimar+quilpue"
  },
  {
    "id": 119615,
    "nombre": "Pizza Pasta Mall Quilpue",
    "descripcion": "",
    "categorias": [],
    "tags": [],
    "rating": null,
    "tiempo_envio_minutos": null,
    "delivery": true,
    "ciudad": "quilpue",
    "fuente": "pedidosya",
    "tipoDetectado": "pizza",
    "lat": -33.05347270537721,
    "lng": -71.44000416878708,
    "precioPromedio": 10567,
    "mapsUrl": "https://www.google.com/maps/search/?q=Pizza+Pasta+Mall+Quilpue+quilpue"
  },
  {
    "id": 500265,
    "nombre": "Encanto De Mi Tierra",
    "descripcion": "",
    "categorias": [],
    "tags": [],
    "rating": null,
    "tiempo_envio_minutos": null,
    "delivery": true,
    "ciudad": "quilpue",
    "fuente": "pedidosya",
    "tipoDetectado": "otro",
    "lat": -33.04326036027941,
    "lng": -71.45291256824966,
    "precioPromedio": 11166,
    "mapsUrl": "https://www.google.com/maps/search/?q=Encanto+De+Mi+Tierra+quilpue"
  },
  {
    "id": 388938,
    "nombre": "Lo Nuestro Restaurant Peruano",
    "descripcion": "",
    "categorias": [],
    "tags": [],
    "rating": null,
    "tiempo_envio_minutos": null,
    "delivery": true,
    "ciudad": "quilpue",
    "fuente": "pedidosya",
    "tipoDetectado": "otro",
    "lat": -33.03880204397456,
    "lng": -71.45424512389963,
    "precioPromedio": 8310,
    "mapsUrl": "https://www.google.com/maps/search/?q=Lo+Nuestro+Restaurant+Peruano+quilpue"
  },
  {
    "id": 366299,
    "nombre": "Papal Bajon Delivery",
    "descripcion": "",
    "categorias": [],
    "tags": [],
    "rating": null,
    "tiempo_envio_minutos": null,
    "delivery": true,
    "ciudad": "quilpue",
    "fuente": "pedidosya",
    "tipoDetectado": "otro",
    "lat": -33.049773223459184,
    "lng": -71.43793992010583,
    "precioPromedio": 8454,
    "mapsUrl": "https://www.google.com/maps/search/?q=Papal+Bajon+Delivery+quilpue"
  },
  {
    "id": 243166,
    "nombre": "Rhino Bite Burger",
    "descripcion": "",
    "categorias": [],
    "tags": [],
    "rating": null,
    "tiempo_envio_minutos": null,
    "delivery": true,
    "ciudad": "quilpue",
    "fuente": "pedidosya",
    "tipoDetectado": "sanguchería",
    "lat": -33.04948442557879,
    "lng": -71.44452548439637,
    "precioPromedio": 7807,
    "mapsUrl": "https://www.google.com/maps/search/?q=Rhino+Bite+Burger+quilpue"
  },
  {
    "id": 547831,
    "nombre": "Clandestino Mall De Quilpue",
    "descripcion": "",
    "categorias": [],
    "tags": [],
    "rating": null,
    "tiempo_envio_minutos": null,
    "delivery": true,
    "ciudad": "quilpue",
    "fuente": "pedidosya",
    "tipoDetectado": "otro",
    "lat": -33.04649716122216,
    "lng": -71.45381393211129,
    "precioPromedio": 8092,
    "mapsUrl": "https://www.google.com/maps/search/?q=Clandestino+Mall+De+Quilpue+quilpue"
  },
  {
    "id": 526447,
    "nombre": "Empanadas El Escandalo",
    "descripcion": "",
    "categorias": [],
    "tags": [],
    "rating": null,
    "tiempo_envio_minutos": null,
    "delivery": true,
    "ciudad": "quilpue",
    "fuente": "pedidosya",
    "tipoDetectado": "otro",
    "lat": -33.04337397041664,
    "lng": -71.43703910412245,
    "precioPromedio": 11551,
    "mapsUrl": "https://www.google.com/maps/search/?q=Empanadas+El+Escandalo+quilpue"
  },
  {
    "id": 492148,
    "nombre": "Sikdorak - Comida Coreana",
    "descripcion": "",
    "categorias": [],
    "tags": [],
    "rating": null,
    "tiempo_envio_minutos": null,
    "delivery": true,
    "ciudad": "quilpue",
    "fuente": "pedidosya",
    "tipoDetectado": "otro",
    "lat": -33.04739444852121,
    "lng": -71.4430374276416,
    "precioPromedio": 7453,
    "mapsUrl": "https://www.google.com/maps/search/?q=Sikdorak+-+Comida+Coreana+quilpue"
  },
  {
    "id": 375751,
    "nombre": "Tataki Sushi Y Ramen",
    "descripcion": "",
    "categorias": [],
    "tags": [],
    "rating": null,
    "tiempo_envio_minutos": null,
    "delivery": true,
    "ciudad": "quilpue",
    "fuente": "pedidosya",
    "tipoDetectado": "sushi",
    "lat": -33.04413839485991,
    "lng": -71.44247954182846,
    "precioPromedio": 9005,
    "mapsUrl": "https://www.google.com/maps/search/?q=Tataki+Sushi+Y+Ramen+quilpue"
  },
  {
    "id": 479663,
    "nombre": "Burgery - Quilpue",
    "descripcion": "",
    "categorias": [],
    "tags": [],
    "rating": null,
    "tiempo_envio_minutos": null,
    "delivery": true,
    "ciudad": "quilpue",
    "fuente": "pedidosya",
    "tipoDetectado": "otro",
    "lat": -33.04050700610296,
    "lng": -71.43700180280052,
    "precioPromedio": 11217,
    "mapsUrl": "https://www.google.com/maps/search/?q=Burgery+-+Quilpue+quilpue"
  },
  {
    "id": 113389,
    "nombre": "La Estación Limeña",
    "descripcion": "",
    "categorias": [],
    "tags": [],
    "rating": null,
    "tiempo_envio_minutos": null,
    "delivery": true,
    "ciudad": "quilpue",
    "fuente": "pedidosya",
    "tipoDetectado": "latina",
    "lat": -33.04203311740662,
    "lng": -71.44120451420291,
    "precioPromedio": 9740,
    "mapsUrl": "https://www.google.com/maps/search/?q=La+Estación+Limeña+quilpue"
  },
  {
    "id": 161875,
    "nombre": "Panaderia Montalva",
    "descripcion": "",
    "categorias": [],
    "tags": [],
    "rating": null,
    "tiempo_envio_minutos": null,
    "delivery": true,
    "ciudad": "quilpue",
    "fuente": "pedidosya",
    "tipoDetectado": "panadería",
    "lat": -33.05290454096912,
    "lng": -71.43653051507354,
    "precioPromedio": 11834,
    "mapsUrl": "https://www.google.com/maps/search/?q=Panaderia+Montalva+quilpue"
  },
  {
    "id": 442237,
    "nombre": "Sándwich Elimar",
    "descripcion": "",
    "categorias": [],
    "tags": [],
    "rating": null,
    "tiempo_envio_minutos": null,
    "delivery": true,
    "ciudad": "quilpue",
    "fuente": "pedidosya",
    "tipoDetectado": "sanguchería",
    "lat": -33.054985751809305,
    "lng": -71.4471944498565,
    "precioPromedio": 9044,
    "mapsUrl": "https://www.google.com/maps/search/?q=Sándwich+Elimar+quilpue"
  },
  {
    "id": 541161,
    "nombre": "Perro Waton",
    "descripcion": "",
    "categorias": [],
    "tags": [],
    "rating": null,
    "tiempo_envio_minutos": null,
    "delivery": true,
    "ciudad": "quilpue",
    "fuente": "pedidosya",
    "tipoDetectado": "otro",
    "lat": -33.03869566002716,
    "lng": -71.45030508899542,
    "precioPromedio": 7401,
    "mapsUrl": "https://www.google.com/maps/search/?q=Perro+Waton+quilpue"
  },
  {
    "id": 232466,
    "nombre": "Pollo Campo Quilpué",
    "descripcion": "",
    "categorias": [],
    "tags": [],
    "rating": null,
    "tiempo_envio_minutos": null,
    "delivery": true,
    "ciudad": "quilpue",
    "fuente": "pedidosya",
    "tipoDetectado": "pollo",
    "lat": -33.05455654450016,
    "lng": -71.4454457043323,
    "precioPromedio": 5505,
    "mapsUrl": "https://www.google.com/maps/search/?q=Pollo+Campo+Quilpué+quilpue"
  },
  {
    "id": 432859,
    "nombre": "Coffee Day´s",
    "descripcion": "",
    "categorias": [],
    "tags": [],
    "rating": null,
    "tiempo_envio_minutos": null,
    "delivery": true,
    "ciudad": "quilpue",
    "fuente": "pedidosya",
    "tipoDetectado": "cafe",
    "lat": -33.036682296559185,
    "lng": -71.44074844802319,
    "precioPromedio": 6669,
    "mapsUrl": "https://www.google.com/maps/search/?q=Coffee+Day´s+quilpue"
  },
  {
    "id": 499911,
    "nombre": "Dim’s Cafe - Quilpue",
    "descripcion": "",
    "categorias": [],
    "tags": [],
    "rating": null,
    "tiempo_envio_minutos": null,
    "delivery": true,
    "ciudad": "quilpue",
    "fuente": "pedidosya",
    "tipoDetectado": "otro",
    "lat": -33.05124835867504,
    "lng": -71.44252964050864,
    "precioPromedio": 5459,
    "mapsUrl": "https://www.google.com/maps/search/?q=Dim’s+Cafe+-+Quilpue+quilpue"
  },
  {
    "id": 474218,
    "nombre": "Sibaritas 184",
    "descripcion": "",
    "categorias": [],
    "tags": [],
    "rating": null,
    "tiempo_envio_minutos": null,
    "delivery": true,
    "ciudad": "quilpue",
    "fuente": "pedidosya",
    "tipoDetectado": "otro",
    "lat": -33.051782137385715,
    "lng": -71.4428599932764,
    "precioPromedio": 3678,
    "mapsUrl": "https://www.google.com/maps/search/?q=Sibaritas+184+quilpue"
  },
  {
    "id": 66106,
    "nombre": "Mandala Quilpué Shawarmas",
    "descripcion": "",
    "categorias": [],
    "tags": [],
    "rating": null,
    "tiempo_envio_minutos": null,
    "delivery": true,
    "ciudad": "quilpue",
    "fuente": "pedidosya",
    "tipoDetectado": "otro",
    "lat": -33.044046154833374,
    "lng": -71.4512967236443,
    "precioPromedio": 8653,
    "mapsUrl": "https://www.google.com/maps/search/?q=Mandala+Quilpué+Shawarmas+quilpue"
  },
  {
    "id": 538143,
    "nombre": "Delicias Fusión Quilpue",
    "descripcion": "",
    "categorias": [],
    "tags": [],
    "rating": null,
    "tiempo_envio_minutos": null,
    "delivery": true,
    "ciudad": "quilpue",
    "fuente": "pedidosya",
    "tipoDetectado": "otro",
    "lat": -33.03683792255253,
    "lng": -71.44124285790545,
    "precioPromedio": 9764,
    "mapsUrl": "https://www.google.com/maps/search/?q=Delicias+Fusión+Quilpue+quilpue"
  },
  {
    "id": 533101,
    "nombre": "Rhino Bite",
    "descripcion": "",
    "categorias": [],
    "tags": [],
    "rating": null,
    "tiempo_envio_minutos": null,
    "delivery": true,
    "ciudad": "quilpue",
    "fuente": "pedidosya",
    "tipoDetectado": "otro",
    "lat": -33.04092588820214,
    "lng": -71.4411749770467,
    "precioPromedio": 7604,
    "mapsUrl": "https://www.google.com/maps/search/?q=Rhino+Bite+quilpue"
  },
  {
    "id": 540817,
    "nombre": "Tribu Quilpue Sabores Del Mundo",
    "descripcion": "",
    "categorias": [],
    "tags": [],
    "rating": null,
    "tiempo_envio_minutos": null,
    "delivery": true,
    "ciudad": "quilpue",
    "fuente": "pedidosya",
    "tipoDetectado": "otro",
    "lat": -33.03846005332214,
    "lng": -71.44907705321576,
    "precioPromedio": 10169,
    "mapsUrl": "https://www.google.com/maps/search/?q=Tribu+Quilpue+Sabores+Del+Mundo+quilpue"
  },
  {
    "id": 102070,
    "nombre": "Restaurante Lomitos",
    "descripcion": "",
    "categorias": [],
    "tags": [],
    "rating": null,
    "tiempo_envio_minutos": null,
    "delivery": true,
    "ciudad": "quilpue",
    "fuente": "pedidosya",
    "tipoDetectado": "otro",
    "lat": -33.041337805090855,
    "lng": -71.45051912426315,
    "precioPromedio": 4990,
    "mapsUrl": "https://www.google.com/maps/search/?q=Restaurante+Lomitos+quilpue"
  },
  {
    "id": 523946,
    "nombre": "La Boca 162",
    "descripcion": "",
    "categorias": [],
    "tags": [],
    "rating": null,
    "tiempo_envio_minutos": null,
    "delivery": true,
    "ciudad": "quilpue",
    "fuente": "pedidosya",
    "tipoDetectado": "otro",
    "lat": -33.03932535066657,
    "lng": -71.440822778138,
    "precioPromedio": 5489,
    "mapsUrl": "https://www.google.com/maps/search/?q=La+Boca+162+quilpue"
  },
  {
    "id": 512838,
    "nombre": "Más Que Burger Quilpue Centro",
    "descripcion": "",
    "categorias": [],
    "tags": [],
    "rating": null,
    "tiempo_envio_minutos": null,
    "delivery": true,
    "ciudad": "quilpue",
    "fuente": "pedidosya",
    "tipoDetectado": "sanguchería",
    "lat": -33.05106161750768,
    "lng": -71.4492196015309,
    "precioPromedio": 5132,
    "mapsUrl": "https://www.google.com/maps/search/?q=Más+Que+Burger+Quilpue+Centro+quilpue"
  },
  {
    "id": 550264,
    "nombre": "Del Perito, Coffee  Brunch 185",
    "descripcion": "",
    "categorias": [],
    "tags": [],
    "rating": null,
    "tiempo_envio_minutos": null,
    "delivery": true,
    "ciudad": "quilpue",
    "fuente": "pedidosya",
    "tipoDetectado": "cafe",
    "lat": -33.039587439132866,
    "lng": -71.45365474199735,
    "precioPromedio": 3977,
    "mapsUrl": "https://www.google.com/maps/search/?q=Del+Perito+Coffee++Brunch+185+quilpue"
  },
  {
    "id": 466126,
    "nombre": "Sashimi 747",
    "descripcion": "",
    "categorias": [],
    "tags": [],
    "rating": null,
    "tiempo_envio_minutos": null,
    "delivery": true,
    "ciudad": "quilpue",
    "fuente": "pedidosya",
    "tipoDetectado": "sushi",
    "lat": -33.05469163186115,
    "lng": -71.44043687352644,
    "precioPromedio": 10959,
    "mapsUrl": "https://www.google.com/maps/search/?q=Sashimi+747+quilpue"
  },
  {
    "id": 361431,
    "nombre": "Starbucks Mall Paseo Quilpué",
    "descripcion": "",
    "categorias": [],
    "tags": [],
    "rating": null,
    "tiempo_envio_minutos": null,
    "delivery": true,
    "ciudad": "quilpue",
    "fuente": "pedidosya",
    "tipoDetectado": "cafe",
    "lat": -33.04422957340933,
    "lng": -71.44487291528206,
    "precioPromedio": 8987,
    "mapsUrl": "https://www.google.com/maps/search/?q=Starbucks+Mall+Paseo+Quilpué+quilpue"
  },
  {
    "id": 545708,
    "nombre": "Mediterráneo Café Kebap",
    "descripcion": "",
    "categorias": [],
    "tags": [],
    "rating": null,
    "tiempo_envio_minutos": null,
    "delivery": true,
    "ciudad": "quilpue",
    "fuente": "pedidosya",
    "tipoDetectado": "cafe",
    "lat": -33.04461372299479,
    "lng": -71.45351205761958,
    "precioPromedio": 7634,
    "mapsUrl": "https://www.google.com/maps/search/?q=Mediterráneo+Café+Kebap+quilpue"
  },
  {
    "id": 451273,
    "nombre": "Mako Sushi Quilpue",
    "descripcion": "",
    "categorias": [],
    "tags": [],
    "rating": null,
    "tiempo_envio_minutos": null,
    "delivery": true,
    "ciudad": "quilpue",
    "fuente": "pedidosya",
    "tipoDetectado": "sushi",
    "lat": -33.03951199799888,
    "lng": -71.45142474903746,
    "precioPromedio": 7915,
    "mapsUrl": "https://www.google.com/maps/search/?q=Mako+Sushi+Quilpue+quilpue"
  },
  {
    "id": 193488,
    "nombre": "Domino's Pizza - Quilpue",
    "descripcion": "",
    "categorias": [],
    "tags": [],
    "rating": null,
    "tiempo_envio_minutos": null,
    "delivery": true,
    "ciudad": "quilpue",
    "fuente": "pedidosya",
    "tipoDetectado": "pizza",
    "lat": -33.03894924703567,
    "lng": -71.45071568677001,
    "precioPromedio": 3429,
    "mapsUrl": "https://www.google.com/maps/search/?q=Domino's+Pizza+-+Quilpue+quilpue"
  },
  {
    "id": 181303,
    "nombre": "Ali Kebab Quilpué",
    "descripcion": "",
    "categorias": [],
    "tags": [],
    "rating": null,
    "tiempo_envio_minutos": null,
    "delivery": true,
    "ciudad": "quilpue",
    "fuente": "pedidosya",
    "tipoDetectado": "otro",
    "lat": -33.04534507944414,
    "lng": -71.44853058203765,
    "precioPromedio": 5341,
    "mapsUrl": "https://www.google.com/maps/search/?q=Ali+Kebab+Quilpué+quilpue"
  },
  {
    "id": 57508,
    "nombre": "Delicia Divina Sushi Quilpué",
    "descripcion": "",
    "categorias": [],
    "tags": [],
    "rating": null,
    "tiempo_envio_minutos": null,
    "delivery": true,
    "ciudad": "quilpue",
    "fuente": "pedidosya",
    "tipoDetectado": "sushi",
    "lat": -33.045965242721785,
    "lng": -71.45380416030994,
    "precioPromedio": 6428,
    "mapsUrl": "https://www.google.com/maps/search/?q=Delicia+Divina+Sushi+Quilpué+quilpue"
  },
  {
    "id": 105938,
    "nombre": "Pedro, Juan Y Diego El Belloto",
    "descripcion": "",
    "categorias": [],
    "tags": [],
    "rating": null,
    "tiempo_envio_minutos": null,
    "delivery": true,
    "ciudad": "quilpue",
    "fuente": "pedidosya",
    "tipoDetectado": "franquicia",
    "lat": -33.037751781518146,
    "lng": -71.44676259032711,
    "precioPromedio": 2915,
    "mapsUrl": "https://www.google.com/maps/search/?q=Pedro+Juan+Y+Diego+El+Belloto+quilpue"
  },
  {
    "id": 290354,
    "nombre": "Sandwicheria Churraskon",
    "descripcion": "",
    "categorias": [],
    "tags": [],
    "rating": null,
    "tiempo_envio_minutos": null,
    "delivery": true,
    "ciudad": "quilpue",
    "fuente": "pedidosya",
    "tipoDetectado": "otro",
    "lat": -33.04906936743114,
    "lng": -71.43599967638579,
    "precioPromedio": 6771,
    "mapsUrl": "https://www.google.com/maps/search/?q=Sandwicheria+Churraskon+quilpue"
  },
  {
    "id": 333948,
    "nombre": "Sushi Weekend- Quilpué",
    "descripcion": "",
    "categorias": [],
    "tags": [],
    "rating": null,
    "tiempo_envio_minutos": null,
    "delivery": true,
    "ciudad": "quilpue",
    "fuente": "pedidosya",
    "tipoDetectado": "sushi",
    "lat": -33.04973571932592,
    "lng": -71.4498184382832,
    "precioPromedio": 10854,
    "mapsUrl": "https://www.google.com/maps/search/?q=Sushi+Weekend-+Quilpué+quilpue"
  },
  {
    "id": 486991,
    "nombre": "Voraz Pastelería Y Panadería Quilpué",
    "descripcion": "",
    "categorias": [],
    "tags": [],
    "rating": null,
    "tiempo_envio_minutos": null,
    "delivery": true,
    "ciudad": "quilpue",
    "fuente": "pedidosya",
    "tipoDetectado": "panadería",
    "lat": -33.04966302990436,
    "lng": -71.44735136012926,
    "precioPromedio": 3176,
    "mapsUrl": "https://www.google.com/maps/search/?q=Voraz+Pastelería+Y+Panadería+Quilpué+quilpue"
  },
  {
    "id": 542400,
    "nombre": "Sushiwarma Quilpue",
    "descripcion": "",
    "categorias": [],
    "tags": [],
    "rating": null,
    "tiempo_envio_minutos": null,
    "delivery": true,
    "ciudad": "quilpue",
    "fuente": "pedidosya",
    "tipoDetectado": "otro",
    "lat": -33.0389455405012,
    "lng": -71.45213664051225,
    "precioPromedio": 10270,
    "mapsUrl": "https://www.google.com/maps/search/?q=Sushiwarma+Quilpue+quilpue"
  },
  {
    "id": 491918,
    "nombre": "Da Salvatore",
    "descripcion": "",
    "categorias": [],
    "tags": [],
    "rating": null,
    "tiempo_envio_minutos": null,
    "delivery": true,
    "ciudad": "quilpue",
    "fuente": "pedidosya",
    "tipoDetectado": "otro",
    "lat": -33.049185022287965,
    "lng": -71.44396818585471,
    "precioPromedio": 3559,
    "mapsUrl": "https://www.google.com/maps/search/?q=Da+Salvatore+quilpue"
  },
  {
    "id": 340395,
    "nombre": "La Picá Del Canalla",
    "descripcion": "",
    "categorias": [],
    "tags": [],
    "rating": null,
    "tiempo_envio_minutos": null,
    "delivery": true,
    "ciudad": "quilpue",
    "fuente": "pedidosya",
    "tipoDetectado": "otro",
    "lat": -33.03716614135621,
    "lng": -71.45252909410199,
    "precioPromedio": 6931,
    "mapsUrl": "https://www.google.com/maps/search/?q=La+Picá+Del+Canalla+quilpue"
  },
  {
    "id": 427142,
    "nombre": "Papa Pollo - Quilpué",
    "descripcion": "",
    "categorias": [],
    "tags": [],
    "rating": null,
    "tiempo_envio_minutos": null,
    "delivery": true,
    "ciudad": "quilpue",
    "fuente": "pedidosya",
    "tipoDetectado": "pollo",
    "lat": -33.048549296904866,
    "lng": -71.43853756398778,
    "precioPromedio": 5067,
    "mapsUrl": "https://www.google.com/maps/search/?q=Papa+Pollo+-+Quilpué+quilpue"
  },
  {
    "id": 513836,
    "nombre": "Papa'lbajon La Experiencia",
    "descripcion": "",
    "categorias": [],
    "tags": [],
    "rating": null,
    "tiempo_envio_minutos": null,
    "delivery": true,
    "ciudad": "quilpue",
    "fuente": "pedidosya",
    "tipoDetectado": "otro",
    "lat": -33.03771733806469,
    "lng": -71.43721048907528,
    "precioPromedio": 4338,
    "mapsUrl": "https://www.google.com/maps/search/?q=Papa'lbajon+La+Experiencia+quilpue"
  },
  {
    "id": 539327,
    "nombre": "Mr. Bunny",
    "descripcion": "",
    "categorias": [],
    "tags": [],
    "rating": null,
    "tiempo_envio_minutos": null,
    "delivery": true,
    "ciudad": "quilpue",
    "fuente": "pedidosya",
    "tipoDetectado": "otro",
    "lat": -33.045244660751415,
    "lng": -71.45090387645212,
    "precioPromedio": 4014,
    "mapsUrl": "https://www.google.com/maps/search/?q=Mr.+Bunny+quilpue"
  },
  {
    "id": 534821,
    "nombre": "Starbucks Belloto",
    "descripcion": "",
    "categorias": [],
    "tags": [],
    "rating": null,
    "tiempo_envio_minutos": null,
    "delivery": true,
    "ciudad": "quilpue",
    "fuente": "pedidosya",
    "tipoDetectado": "cafe",
    "lat": -33.04882968787677,
    "lng": -71.4481711966198,
    "precioPromedio": 6236,
    "mapsUrl": "https://www.google.com/maps/search/?q=Starbucks+Belloto+quilpue"
  },
  {
    "id": 329557,
    "nombre": "Buenaventura Los Pinos",
    "descripcion": "",
    "categorias": [],
    "tags": [],
    "rating": null,
    "tiempo_envio_minutos": null,
    "delivery": true,
    "ciudad": "quilpue",
    "fuente": "pedidosya",
    "tipoDetectado": "otro",
    "lat": -33.04235947630947,
    "lng": -71.45092225091437,
    "precioPromedio": 11133,
    "mapsUrl": "https://www.google.com/maps/search/?q=Buenaventura+Los+Pinos+quilpue"
  },
  {
    "id": 328797,
    "nombre": "Panadería Brasil",
    "descripcion": "",
    "categorias": [],
    "tags": [],
    "rating": null,
    "tiempo_envio_minutos": null,
    "delivery": true,
    "ciudad": "quilpue",
    "fuente": "pedidosya",
    "tipoDetectado": "panadería",
    "lat": -33.04948284897178,
    "lng": -71.45130474108605,
    "precioPromedio": 9046,
    "mapsUrl": "https://www.google.com/maps/search/?q=Panadería+Brasil+quilpue"
  },
  {
    "id": 144315,
    "nombre": "Master Wok",
    "descripcion": "",
    "categorias": [],
    "tags": [],
    "rating": null,
    "tiempo_envio_minutos": null,
    "delivery": true,
    "ciudad": "quilpue",
    "fuente": "pedidosya",
    "tipoDetectado": "otro",
    "lat": -33.045794325689194,
    "lng": -71.44468151705024,
    "precioPromedio": 5263,
    "mapsUrl": "https://www.google.com/maps/search/?q=Master+Wok+quilpue"
  },
  {
    "id": 250992,
    "nombre": "Panipollo",
    "descripcion": "",
    "categorias": [],
    "tags": [],
    "rating": null,
    "tiempo_envio_minutos": null,
    "delivery": true,
    "ciudad": "quilpue",
    "fuente": "pedidosya",
    "tipoDetectado": "panadería",
    "lat": -33.037940548129754,
    "lng": -71.44337453109192,
    "precioPromedio": 4463,
    "mapsUrl": "https://www.google.com/maps/search/?q=Panipollo+quilpue"
  },
  {
    "id": 532002,
    "nombre": "Burger  Sandwich Tk - Quilpue",
    "descripcion": "",
    "categorias": [],
    "tags": [],
    "rating": null,
    "tiempo_envio_minutos": null,
    "delivery": true,
    "ciudad": "quilpue",
    "fuente": "pedidosya",
    "tipoDetectado": "sanguchería",
    "lat": -33.05293015915846,
    "lng": -71.44689112026542,
    "precioPromedio": 9291,
    "mapsUrl": "https://www.google.com/maps/search/?q=Burger++Sandwich+Tk+-+Quilpue+quilpue"
  },
  {
    "id": 532369,
    "nombre": "Delicias Rosita - Comida Rápida",
    "descripcion": "",
    "categorias": [],
    "tags": [],
    "rating": null,
    "tiempo_envio_minutos": null,
    "delivery": true,
    "ciudad": "quilpue",
    "fuente": "pedidosya",
    "tipoDetectado": "otro",
    "lat": -33.04356188797513,
    "lng": -71.45109192406792,
    "precioPromedio": 4388,
    "mapsUrl": "https://www.google.com/maps/search/?q=Delicias+Rosita+-+Comida+Rápida+quilpue"
  },
  {
    "id": 220260,
    "nombre": "Mokavad Pizzas",
    "descripcion": "",
    "categorias": [],
    "tags": [],
    "rating": null,
    "tiempo_envio_minutos": null,
    "delivery": true,
    "ciudad": "quilpue",
    "fuente": "pedidosya",
    "tipoDetectado": "pizza",
    "lat": -33.04353894510239,
    "lng": -71.4380195625939,
    "precioPromedio": 3510,
    "mapsUrl": "https://www.google.com/maps/search/?q=Mokavad+Pizzas+quilpue"
  },
  {
    "id": 178520,
    "nombre": "Yogen Fruz - Belloto",
    "descripcion": "",
    "categorias": [],
    "tags": [],
    "rating": null,
    "tiempo_envio_minutos": null,
    "delivery": true,
    "ciudad": "quilpue",
    "fuente": "pedidosya",
    "tipoDetectado": "otro",
    "lat": -33.04249626388697,
    "lng": -71.4504668284458,
    "precioPromedio": 7317,
    "mapsUrl": "https://www.google.com/maps/search/?q=Yogen+Fruz+-+Belloto+quilpue"
  },
  {
    "id": 229264,
    "nombre": "House Pride - La Cerveceria",
    "descripcion": "",
    "categorias": [],
    "tags": [],
    "rating": null,
    "tiempo_envio_minutos": null,
    "delivery": true,
    "ciudad": "quilpue",
    "fuente": "pedidosya",
    "tipoDetectado": "otro",
    "lat": -33.04039162853081,
    "lng": -71.44040877335085,
    "precioPromedio": 5928,
    "mapsUrl": "https://www.google.com/maps/search/?q=House+Pride+-+La+Cerveceria+quilpue"
  },
  {
    "id": 514118,
    "nombre": "Patio 511 - Quilpué",
    "descripcion": "",
    "categorias": [],
    "tags": [],
    "rating": null,
    "tiempo_envio_minutos": null,
    "delivery": true,
    "ciudad": "quilpue",
    "fuente": "pedidosya",
    "tipoDetectado": "otro",
    "lat": -33.04620190368103,
    "lng": -71.45022379483892,
    "precioPromedio": 11057,
    "mapsUrl": "https://www.google.com/maps/search/?q=Patio+511+-+Quilpué+quilpue"
  },
  {
    "id": 472319,
    "nombre": "Grido Los Pinos",
    "descripcion": "",
    "categorias": [],
    "tags": [],
    "rating": null,
    "tiempo_envio_minutos": null,
    "delivery": true,
    "ciudad": "quilpue",
    "fuente": "pedidosya",
    "tipoDetectado": "otro",
    "lat": -33.051606247942374,
    "lng": -71.45099628357957,
    "precioPromedio": 4972,
    "mapsUrl": "https://www.google.com/maps/search/?q=Grido+Los+Pinos+quilpue"
  },
  {
    "id": 343306,
    "nombre": "Pizzas Carlitos Lechuga",
    "descripcion": "",
    "categorias": [],
    "tags": [],
    "rating": null,
    "tiempo_envio_minutos": null,
    "delivery": true,
    "ciudad": "quilpue",
    "fuente": "pedidosya",
    "tipoDetectado": "pizza",
    "lat": -33.045645440412486,
    "lng": -71.44790938252748,
    "precioPromedio": 6120,
    "mapsUrl": "https://www.google.com/maps/search/?q=Pizzas+Carlitos+Lechuga+quilpue"
  },
  {
    "id": 529432,
    "nombre": "Cevasco Quilpue",
    "descripcion": "",
    "categorias": [],
    "tags": [],
    "rating": null,
    "tiempo_envio_minutos": null,
    "delivery": true,
    "ciudad": "quilpue",
    "fuente": "pedidosya",
    "tipoDetectado": "otro",
    "lat": -33.05075449217533,
    "lng": -71.45448884474679,
    "precioPromedio": 7942,
    "mapsUrl": "https://www.google.com/maps/search/?q=Cevasco+Quilpue+quilpue"
  },
  {
    "id": 110939,
    "nombre": "Sandwichería Manavai",
    "descripcion": "",
    "categorias": [],
    "tags": [],
    "rating": null,
    "tiempo_envio_minutos": null,
    "delivery": true,
    "ciudad": "quilpue",
    "fuente": "pedidosya",
    "tipoDetectado": "sanguchería",
    "lat": -33.052097144704945,
    "lng": -71.44552569989169,
    "precioPromedio": 3201,
    "mapsUrl": "https://www.google.com/maps/search/?q=Sandwichería+Manavai+quilpue"
  },
  {
    "id": 471468,
    "nombre": "Pizzas Ropzila",
    "descripcion": "",
    "categorias": [],
    "tags": [],
    "rating": null,
    "tiempo_envio_minutos": null,
    "delivery": true,
    "ciudad": "quilpue",
    "fuente": "pedidosya",
    "tipoDetectado": "pizza",
    "lat": -33.03797452361171,
    "lng": -71.44723649172371,
    "precioPromedio": 10263,
    "mapsUrl": "https://www.google.com/maps/search/?q=Pizzas+Ropzila+quilpue"
  },
  {
    "id": 107293,
    "nombre": "Poh Che- Villa Alemana",
    "descripcion": "",
    "categorias": [],
    "tags": [],
    "rating": null,
    "tiempo_envio_minutos": null,
    "delivery": true,
    "ciudad": "quilpue",
    "fuente": "pedidosya",
    "tipoDetectado": "otro",
    "lat": -33.03799905058702,
    "lng": -71.4496188503437,
    "precioPromedio": 11171,
    "mapsUrl": "https://www.google.com/maps/search/?q=Poh+Che-+Villa+Alemana+quilpue"
  },
  {
    "id": 198795,
    "nombre": "Retrosushi Delivery",
    "descripcion": "",
    "categorias": [],
    "tags": [],
    "rating": null,
    "tiempo_envio_minutos": null,
    "delivery": true,
    "ciudad": "quilpue",
    "fuente": "pedidosya",
    "tipoDetectado": "otro",
    "lat": -33.04997693271225,
    "lng": -71.43577727274459,
    "precioPromedio": 6445,
    "mapsUrl": "https://www.google.com/maps/search/?q=Retrosushi+Delivery+quilpue"
  },
  {
    "id": 120983,
    "nombre": "La Gran Mechada",
    "descripcion": "",
    "categorias": [],
    "tags": [],
    "rating": null,
    "tiempo_envio_minutos": null,
    "delivery": true,
    "ciudad": "quilpue",
    "fuente": "pedidosya",
    "tipoDetectado": "otro",
    "lat": -33.038200468099305,
    "lng": -71.44269209079901,
    "precioPromedio": 7970,
    "mapsUrl": "https://www.google.com/maps/search/?q=La+Gran+Mechada+quilpue"
  },
  {
    "id": 399184,
    "nombre": "Food Go - Belloto Norte",
    "descripcion": "",
    "categorias": [],
    "tags": [],
    "rating": null,
    "tiempo_envio_minutos": null,
    "delivery": true,
    "ciudad": "quilpue",
    "fuente": "pedidosya",
    "tipoDetectado": "otro",
    "lat": -33.03769507621583,
    "lng": -71.43891129008894,
    "precioPromedio": 6360,
    "mapsUrl": "https://www.google.com/maps/search/?q=Food+Go+-+Belloto+Norte+quilpue"
  },
  {
    "id": 39173,
    "nombre": "Ali Ali Delivery",
    "descripcion": "",
    "categorias": [],
    "tags": [],
    "rating": null,
    "tiempo_envio_minutos": null,
    "delivery": true,
    "ciudad": "quilpue",
    "fuente": "pedidosya",
    "tipoDetectado": "otro",
    "lat": -33.054206429502806,
    "lng": -71.4466467470493,
    "precioPromedio": 8377,
    "mapsUrl": "https://www.google.com/maps/search/?q=Ali+Ali+Delivery+quilpue"
  },
  {
    "id": 49719,
    "nombre": "Kibou Sushi",
    "descripcion": "",
    "categorias": [],
    "tags": [],
    "rating": null,
    "tiempo_envio_minutos": null,
    "delivery": true,
    "ciudad": "quilpue",
    "fuente": "pedidosya",
    "tipoDetectado": "sushi",
    "lat": -33.0350272791723,
    "lng": -71.45149821737665,
    "precioPromedio": 7606,
    "mapsUrl": "https://www.google.com/maps/search/?q=Kibou+Sushi+quilpue"
  },
  {
    "id": 473602,
    "nombre": "La Picá De David - Quilpué",
    "descripcion": "",
    "categorias": [],
    "tags": [],
    "rating": null,
    "tiempo_envio_minutos": null,
    "delivery": true,
    "ciudad": "quilpue",
    "fuente": "pedidosya",
    "tipoDetectado": "otro",
    "lat": -33.03724185676199,
    "lng": -71.45375675453441,
    "precioPromedio": 10709,
    "mapsUrl": "https://www.google.com/maps/search/?q=La+Picá+De+David+-+Quilpué+quilpue"
  },
  {
    "id": 187573,
    "nombre": "De Calle",
    "descripcion": "",
    "categorias": [],
    "tags": [],
    "rating": null,
    "tiempo_envio_minutos": null,
    "delivery": true,
    "ciudad": "quilpue",
    "fuente": "pedidosya",
    "tipoDetectado": "otro",
    "lat": -33.0377097995428,
    "lng": -71.45430639156372,
    "precioPromedio": 10258,
    "mapsUrl": "https://www.google.com/maps/search/?q=De+Calle+quilpue"
  },
  {
    "id": 130207,
    "nombre": "Sandwichería Mis Delicias",
    "descripcion": "",
    "categorias": [],
    "tags": [],
    "rating": null,
    "tiempo_envio_minutos": null,
    "delivery": true,
    "ciudad": "quilpue",
    "fuente": "pedidosya",
    "tipoDetectado": "sanguchería",
    "lat": -33.0505358518065,
    "lng": -71.4389929206291,
    "precioPromedio": 7456,
    "mapsUrl": "https://www.google.com/maps/search/?q=Sandwichería+Mis+Delicias+quilpue"
  },
  {
    "id": 545563,
    "nombre": "Puerkos Sushi",
    "descripcion": "",
    "categorias": [],
    "tags": [],
    "rating": null,
    "tiempo_envio_minutos": null,
    "delivery": true,
    "ciudad": "quilpue",
    "fuente": "pedidosya",
    "tipoDetectado": "sushi",
    "lat": -33.043168268199636,
    "lng": -71.446466248633,
    "precioPromedio": 11772,
    "mapsUrl": "https://www.google.com/maps/search/?q=Puerkos+Sushi+quilpue"
  }
]